{
    "periodic_table_atomz": {
        "H": 1,
        "He": 2,
        "Li": 3,
        "Be": 4,
        "B": 5,
        "C": 6,
        "N": 7,
        "O": 8,
        "F": 9,
        "Ne": 10,
        "Na": 11,
        "Mg": 12,
        "Al": 13,
        "Si": 14,
        "P": 15,
        "S": 16,
        "Cl": 17,
        "Ar": 18,
        "K": 19,
        "Ca": 20,
        "Sc": 21,
        "Ti": 22,
        "V": 23,
        "Cr": 24,
        "Mn": 25,
        "Fe": 26,
        "Co": 27,
        "Ni": 28,
        "Cu": 29,
        "Zn": 30,
        "Ga": 31,
        "Ge": 32,
        "As": 33,
        "Se": 34,
        "Br": 35,
        "Kr": 36,
        "Rb": 37,
        "Sr": 38,
        "Y": 39,
        "Zr": 40,
        "Nb": 41,
        "Mo": 42,
        "Tc": 43,
        "Ru": 44,
        "Rh": 45,
        "Pd": 46,
        "Ag": 47,
        "Cd": 48,
        "In": 49,
        "Sn": 50,
        "Sb": 51,
        "Te": 52,
        "I": 53,
        "Xe": 54
    },
    "atom_masses": {
        "1": 1.00797,
        "2": 4.00260,
        "3": 6.941,
        "4": 9.01218,
        "5": 10.81,
        "6": 12.011,
        "7": 14.0067,
        "8": 15.9994,
        "9": 18.998403,
        "10": 20.179,
        "11": 22.98977,
        "12": 24.305,
        "13": 26.98154,
        "14": 28.0855,
        "15": 30.97376,
        "16": 32.06,
        "17": 35.453,
        "18": 39.948,
        "19": 39.0983,
        "20": 40.08,
        "21": 44.9559,
        "22": 47.90,
        "23": 50.9415,
        "24": 51.996,
        "25": 54.9380,
        "26": 55.847,
        "27": 58.9332,
        "28": 58.70,
        "29": 63.546,
        "30": 65.38,
        "31": 69.72,
        "32": 72.59,
        "33": 74.9216,
        "34": 78.96,
        "35": 79.904,
        "36": 83.80,
        "37": 85.4678,
        "38": 87.62,
        "39": 88.9059,
        "40": 91.22,
        "41": 92.9064,
        "42": 95.94,
        "43": 98.0,
        "44": 101.07,
        "45": 102.9055,
        "46": 106.4,
        "47": 107.868,
        "48": 112.41,
        "49": 114.82,
        "50": 118.69,
        "51": 121.75,
        "53": 126.9045,
        "52": 127.60,
        "54": 131.30
    },
    "atom_bragg_radii": [
        2.00, 0.35, 1.40, 1.45, 1.05, 0.85, 0.70, 0.65, 0.60, 0.50, 1.50, 1.80,
        1.50, 1.25, 1.10, 1.00, 1.00, 1.00, 1.80, 2.20, 1.80, 1.60, 1.40, 1.35,
        1.40, 1.40, 1.40, 1.35, 1.35, 1.35, 1.35, 1.30, 1.25, 1.15, 1.15, 1.15,
        1.90, 2.35, 2.00, 1.80, 1.55, 1.45, 1.45, 1.35, 1.30, 1.35, 1.40, 1.60,
        1.55, 1.55, 1.45, 1.45, 1.40, 1.40, 2.10, 2.60, 2.15, 1.95, 1.85, 1.85,
        1.85, 1.85, 1.85, 1.85, 1.80, 1.75, 1.75, 1.75, 1.75, 1.75, 1.75, 1.75,
        1.55, 1.45, 1.35, 1.35, 1.30, 1.35, 1.35, 1.35, 1.50, 1.90, 1.80, 1.60,
        1.90, 1.45, 2.10, 1.80, 2.15, 1.95, 1.80, 1.80, 1.75, 1.75, 1.75, 1.75,
        1.75, 1.75, 1.75, 1.75, 1.75, 1.75, 1.75, 1.75, 1.75, 1.75, 1.75, 1.75,
        1.75, 1.75, 1.75, 1.75, 1.75, 1.75, 1.75, 1.75, 1.75, 1.75, 1.75, 1.75,
        1.75, 1.75, 1.75, 1.75, 1.75, 1.75, 1.75, 1.75, 1.75, 1.75, 1.75
    ],
    "atom_expected_radii": [
        1.0, 1.0, 0.927272, 3.873661, 2.849396, 2.204757, 1.714495, 1.409631,
        1.232198, 1.084786, 0.965273, 4.208762, 3.252938, 3.433889, 2.752216,
        2.322712, 2.060717, 1.842024, 1.662954, 5.243652, 4.218469, 3.959716,
        3.778855, 3.626288, 3.675012, 3.381917, 3.258487, 3.153572, 3.059109,
        3.330979, 2.897648, 3.424103, 2.866859, 2.512233, 2.299617, 2.111601,
        1.951590, 5.631401, 4.632850, 4.299870, 4.091705, 3.985219, 3.841740,
        3.684647, 3.735235, 3.702057, 1.533028, 3.655961, 3.237216, 3.777242,
        3.248093, 2.901067, 2.691328, 2.501704, 2.337950
    ]
}
