{"eval/pearson_r2_score": 0.43407634767542413, "train/epoch": 10.0, "train/sample_count": 10000, "train/loss": 0.0018339783418923616, "_runtime": 8, "_timestamp": 1623341290, "_step": 100, "train/pearson_r2_score": 0.8062537805767771}